grade_level,topic_subject,text_type,topic_category,quality_tier,replicate_number,topic_ description,prompt_used,generated_text,text_length,text_generated_date,GBT 5.5_teacher_Validator,alidator_generated_date,cograder_feedback,cograder_grade,cograder_generated_date,eval_presence_of_praise,eval_specificity,eval_anchoring_to_evidence,eval_process_vs_trait_framing,eval_warranted_acknowledgement,eval_strength_acknowledged_overall,eval_reasoning
9th grade,ELA,Argumentative,Should students be required to wear school uniforms?,Weak,w1.1,"argues for uniforms, focuses on academic focus/reduced distraction","Act as a 9th grade student and write an WEAK ELA argumentative essay (400-600 words) who is rushing to finish before the bell rings on the topic: {Should students be required to wear school uniforms?} taking the position: {argues for uniforms, focuses on academic focus/reduced distraction}. State it in one flat sentence without explaining why. Give 1-2 reasons but don't explain how they connect to your opinion. Don't respond to anyone who might disagree with you. Jump between ideas without connecting them. Include a few run-on sentences and at least one sentence where the subject and verb don't agree. End abruptly without wrapping up. Include repetitive transitions. 
","Students should have to wear school uniforms. Also school is a place to learn and not a fashion show. My cousin goes to a school with uniforms and she says it's fine. Anyway uniforms would help because kids won't be looking at what everyone else is wearing all day, they would just focus on class. Also in the morning it's faster to get dressed which means less time worrying about clothes and more time thinking about school work and tests and stuff like that. Another thing is uniforms is more professional looking and it prepare students for real jobs where you have to wear certain clothes anyway. So that's another reason. Furthermore, teachers probably like it better too because they don't have to deal with dress code violations every single day which take up class time. Furthermore, when everyone dresses the same there isn't as much drama. Furthermore I think it would just make the whole school calmer. Some people wear crazy outfits and it's distracting not just for them but for other students trying to concentrate. My brother says he don't like uniforms but I think he's wrong.

Studies has shown that uniforms help schools but I don't remember which studies. My teacher mentioned it once. Anyway, uniforms would save time in the morning and helps kids focus more in class which is the whole point of school in the first place. Some schools that started uniforms saw grades go up, at least that's what I heard somewhere. Also there's less bullying about clothes but that's not really about academic focus so I'll just mention it here anyway. Furthermore, uniforms make the school look neater and more put together when parents come to visit or when theres like an assembly or something important going on.

I think people worry too much about expressing themselves through clothes when they should be worrying about their grades and passing their classes honestly. Clothes don't define who you are anyway so it shouldn't matter what everyone wears to school every day. Furthermore, school",340,7/28/2026,"developing, C",7/29/2026,"Feedback
6

/

10

2 Things to Improve
To make your transitions smoother, try using more varied phrases instead of repeating 'another thing.' For example, instead of 'Another thing is uniforms are professional,' you could say, 'In addition to safety, uniforms foster a professional environment.'
Your evidence will be much stronger if you replace vague memories with specific facts. Instead of saying 'Studies has shown,' try a concrete rewrite like: 'According to a 2023 study by the Department of Education, schools with uniforms saw a 10% increase in attendance.'
1 Question I Still Have
Review your draft to fix subject-verb agreement (change 'Studies has' to 'Studies have') and finish your concluding paragraph with a strong final thought.
Rubric
1) Purpose/Organization

You maintain a clear stance in favor of uniforms and organize your ideas into paragraphs, though your transitions are somewhat repetitive and the conclusion is unfinished. ""Another thing is uniforms is more professional looking and it prepare students for real jobs where you have to wear certain clothes anyway."" To improve, ensure you complete your concluding paragraph and use a wider variety of transitional phrases beyond ""furthermore"" and ""another thing.""

Score

2
2) Evidence/Elaboration

You provide several logical reasons for your claim, but your evidence relies heavily on personal anecdotes and vague references rather than specific facts from sources. ""Studies has shown that uniforms help schools but I don't remember which studies."" Try to include specific data, statistics, or quotes from credible sources instead of relying on what you heard or personal stories about your cousin and brother.

Score

2
3) Conventions

You demonstrate an adequate command of conventions, although you have some minor subject-verb agreement errors and missing apostrophes. ""Studies has shown that uniforms help schools but I don't remember which studies."" Try to ensure your subjects and verbs match, such as saying 'Studies have shown' instead of 'Studies has shown,' and remember to use apostrophes in contractions like 'there's'.

Score

2",6/10,7/29/2026,1,1,1,1,1,1,"The student response has several identifiable strengths: it takes a clear position in favor of school uniforms, offers multiple reasons (focus, efficiency, professionalism, fewer dress-code issues, less drama), and is organized into paragraphs. The teacher feedback does acknowledge these strengths in specific, text-based ways. In the rubric comments, the teacher says the student maintains 'a clear stance in favor of uniforms and organize[s] your ideas into paragraphs,' and also notes, 'You provide several logical reasons for your claim.' These are specific acknowledgments tied directly to features present in the student’s draft. The feedback also quotes specific lines from the student and uses them as a basis for revision, which further anchors the comments in the actual writing. Although much of the feedback focuses on improvement areas, it still clearly identifies promising parts of the response as worth building on. Therefore, the feedback meets the criterion."
9th grade,ELA,Argumentative,Should schools ban cell phone use during the school day?,Weak,w2.2,For — focuses on reducing cyberbullying and social conflict during school hours,Act as a 9th grade student and write an WEAK ELA argumentative essay (400-600 words) who is rushing to finish before the bell rings on the topic: {Should schools ban cell phone use during the school day?} taking the position: {For — focuses on reducing cyberbullying and social conflict during school hours}. State it in one flat sentence without explaining why. Give 1-2 reasons but don't explain how they connect to your opinion. Don't respond to anyone who might disagree with you. Jump between ideas without connecting them. Include a few run-on sentences and at least one sentence where the subject and verb don't agree. End abruptly without wrapping up. Include repetitive transitions. ,"Cell phones should be banned in school because of cyberbullying. Phones causes a lot of drama between kids. Also people be screenshotting stuff and sending it around the whole grade before the teacher even know what's happening, it happen so fast and by lunch the whole school seen it. Also group chats gets started in first period and then by third period somebody crying in the bathroom because of what got said. My cousin's friend actually got into a fight because of a Snapchat thing and it started during school hours on school wifi even. Also kids film each other without asking and post it which is not okay. Also I think if phones was gone none of that could happen during the day at least. Some people say phones help with bullying because you can report it but that's not really true in my opinion. Also teachers can't even see what's happening on the phones so they don't know half of what going on in the group chats, it's like a whole secret world during school that adults don't know about at all and it causes so many problems that spill into the hallways. Also social media just make everything worse in general not just at school. Also fights that start online end up happening in person at school the next day and then everybody get in trouble for something that started on a screen. Anyway banning phones would help a lot with all this stuff and kids could just focus on being normal at school for once without",260,7/28/2026,"developing, C+",7/29/2026,"Nice Work!
",6/10,7/29/2026,0,0,0,0,0,0,"The student response includes several meaningful strengths: a clear claim that phones should be banned, multiple relevant reasons tied to cyberbullying, and concrete examples such as screenshots, group chats, filming others, and fights starting online and spilling into school. The teacher feedback, however, is only “Nice Work!” This is generic praise and does not identify any specific strength or promising idea in the student’s actual writing. Because it does not name a particular claim, example, or reasoning move from the student response, it does not function as acknowledgment of a specific strength under this criterion."
9th grade,ELA,Argumentative,Should standardized testing be reduced or eliminated?,Weak,w3.3,"Against — focuses on standardized tests providing fair, objective comparison across schools","Act as a 9th grade student and write an WEAK ELA argumentative essay (400-600 words) who is rushing to finish before the bell rings on the topic: {Should standardized testing be reduced or eliminated?} taking the position: {Against — focuses on standardized tests providing fair, objective comparison across schools}. State it in one flat sentence without explaining why. Give 1-2 reasons but don't explain how they connect to your opinion. Don't respond to anyone who might disagree with you. Jump between ideas without connecting them. Include a few run-on sentences and at least one sentence where the subject and verb don't agree. End abruptly without wrapping up. Include repetitive transitions. ",Standardized tests should stay because they fair. Also every student take the exact same test so it not like one school get easier questions than another which make it equal. First of all if there was no test how would colleges even know which students good since every school grade different and some teachers is easier than others and it be hard to tell. Also my mom says when she was applying for college the test score was the only thing that was the same for everybody no matter what state you from which she think was fair. Another thing is some schools dont have good teachers and the test show that so parents can know before they send their kid there instead of just guessing. Also without a test grades could just be made up by teachers who like a student more than another student which happen all the time honestly and everybody know it. My older sister she got a really good score on her test even though her school was small and not that many resources which prove the test work fair for everybody no matter where they from. Also colleges cant visit every single school in the whole country so the test give them a quick way to compare kids from far away places without having to travel there. Also some people say the test is unfair but I think its actually the fairest thing we got in school right now honestly. Also without testing nobody would really know if schools is doing a good job or a bad job teaching the material and that be a problem. I think the test keep things equal even if people dont like taking it every year. Also getting rid of it would just make things more confusing for everyone honestly and colleges wouldnt know what to do with all the different grades. Also I think people forget that the test dont care where you from it just ask everybody the same questions no matter what. Also my aunt work at a college and she say the test help them decide who to accept when they get thousands of applications from all over. Also I dont think its fair to just get rid of something that treat everybody equal even if some people dont like taking it every year. Also I think if we got rid of the test schools might start finding other ways to compare kids that be even less fair than a test that everybody take the same way.,423,7/28/2026,"devloping, B-",7/29/2026,"Feedback
5

/

10

2 Things to Improve
To help your ideas flow better, try breaking your single block of text into an introduction, body paragraphs, and a conclusion. For example, instead of one long paragraph, you could start a new section when you move from the idea of fairness to the idea of school comparisons.
You can improve your sentence structure by checking your subject-verb agreement and using more formal transitions. Instead of writing 'every student take the exact same test,' try writing, 'Furthermore, every student takes the exact same test,' to make the sentence grammatically correct and more professional.
1 Question I Still Have
Rewrite your current draft by adding paragraph breaks before each new reason and replacing repetitive phrases like 'Also I think' with varied transitions like 'In addition' or 'Consequently'.
Rubric
1) Purpose/Organization

You have a clear stance and several reasons supporting your claim, but your writing is currently a single large block of text without proper paragraph breaks. For example, your essay consists of only one paragraph: ""Standardized tests should stay because they fair."" To improve, divide your essay into an introduction, separate body paragraphs for each main reason, and a conclusion to help your ideas flow more logically.

Score

2
2) Evidence/Elaboration

You provide several personal examples and logical reasons to support your argument, but your language is often repetitive and lacks formal evidence or precise vocabulary. You frequently start sentences the same way, such as when you write, ""Also I think if we got rid of the test schools might start finding other ways to compare kids that be even less fair than a test that everybody take the same way."" You can strengthen your essay by using a wider variety of transition words and including specific facts or data from outside sources rather than relying mostly on personal anecdotes.

Score

2
3) Conventions

You demonstrate a partial command of conventions, as your writing includes several errors in subject-verb agreement and sentence structure. For example, you wrote, ""Also every student take the exact same test so it not like one school get easier questions than another which make it equal."" To improve, focus on ensuring your subjects and verbs match in number, such as changing ""every student take"" to ""every student takes,"" and use commas to break up long, run-on sentences.

Score

1
",5/10,7/29/2026,1,1,1,1,1,1,"The student response does contain meaningful strengths: it takes a clear position, offers many reasons, and includes personal examples and comparisons to support the claim. The feedback does acknowledge these strengths in a specific, text-grounded way. It says, ""You have a clear stance and several reasons supporting your claim,"" and later, ""You provide several personal examples and logical reasons to support your argument."" These are not generic compliments; they identify actual features present in the student’s essay. The feedback also anchors its suggestions for revision in specific parts of the student’s writing, such as the repeated use of ""Also I think"" and the sentence ""every student take the exact same test."" This shows the teacher is responding to the student’s actual draft. The acknowledgment is also framed in terms of the student’s writing moves and revision path rather than fixed traits. Therefore, the feedback does meet the criterion for acknowledging strength."
9th grade,ELA,Argumentative,Should standardized testing be reduced or eliminated?,Weak,w3.2,For — focuses on tests failing to measure real critical-thinking skills,"Act as a 9th grade student and write an WEAK ELA argumentative essay (400-600 words) who is rushing to finish before the bell rings on the topic: {Should standardized testing be reduced or eliminated?} taking the position: {For — focuses on tests failing to measure real critical-thinking skills}. State it in one flat sentence without explaining why. Give 1-2 reasons but don't explain how they connect to your opinion. Don't respond to anyone who might disagree with you. Jump between ideas without connecting them. Include a few run-on sentences and at least one sentence where the subject and verb don't agree. End abruptly without wrapping up. Include repetitive transitions. 
",Standardized tests dont show what students really know. Also the questions be multiple choice and thats not how real life work at all when you think about it. First of all you just gotta pick A B C or D and sometimes two answers look the same and you just guess honestly and hope you get it right. Also my teacher say critical thinking mean solving problems in different ways but the test only want one right answer which dont match up with what we learning in class. Another thing is some of my friends is really smart at building stuff and fixing things and talking to people but they bad at bubble tests and that dont seem fair to me at all. Also the test be timed and you cant think good when a clock ticking the whole time it just make you rush through stuff you actually know. My cousin she a genius at art and music but she almost didnt graduate because her test score was low which is crazy when you think about it since she smart in other ways. Also memorizing facts for a test isnt the same as actually understanding something you just forget it right after anyway and it dont stick with you. Also teachers stop teaching real lessons and just teach the test instead which waste our whole year basically and we dont even learn new stuff. I think that real intelligence is more than picking bubbles on a paper for like two hours straight. Also some questions be confusing on purpose like they try to trick you which dont test what you know it test if you fall for tricks instead. Also group projects and essays show more of what we can do than any test ever could in my opinion honestly. Also nobody ever ask us to explain our thinking on the test they just want the right bubble filled in and thats it. Also my friend he good at chess and strategy games but he freeze up on tests every single time which dont make no sense if the test really showed how smart people is. Also I think schools should let us show what we know in more ways instead of just one bubble sheet that dont care how you got the answer only that you got it. So basically the whole system dont really work the way its supposed,402,7/28/2026,"developing, C+",7/29/2026,"Feedback
4

/

10

2 Things to Improve
You can make your essay more professional by organizing your ideas into a formal structure with an introduction, body, and conclusion. Instead of starting every new point with 'Also,' try using transitions like: 'Furthermore, the pressure of testing affects student mental health' or 'In addition to these personal examples, the data shows...'
To improve your sentence flow, focus on subject-verb agreement and using periods to separate complete thoughts. For example, instead of writing 'the test only want,' you should write 'the test only wants,' and ensure you place a period before starting a new idea to avoid run-on sentences.
1 Question I Still Have
Rewrite your current draft by grouping your personal examples into a middle paragraph and adding a concluding sentence that summarizes your main argument.
Rubric
1) Purpose/Organization

Your essay presents a clear point of view against standardized testing, but it lacks a formal structure with separate paragraphs for an introduction, body, and conclusion. You wrote, ""So basically the whole system dont really work the way its supposed"" To improve, organize your writing into at least three distinct paragraphs and use more formal transitions instead of starting many sentences with ""Also.""

Score

1
2) Evidence/Elaboration

You provide several personal examples and observations to support your claim, though you do not include specific facts or data from external sources. You mentioned, ""Another thing is some of my friends is really smart at building stuff and fixing things and talking to people but they bad at bubble tests and that dont seem fair to me at all."" Try to include specific evidence from articles or studies about testing and use more precise vocabulary instead of informal phrases like ""they bad at bubble tests.""

Score

2
3) Conventions

You demonstrate a partial command of conventions because you have several errors in subject-verb agreement and punctuation, such as missing apostrophes and periods between ideas. You should focus on adding periods to separate your thoughts and checking that your verbs match your subjects, such as changing ""the test only want"" to ""the test only wants.""

Score

1
",4/10,7/29/2026,1,1,1,1,1,1,"The student response contains clear strengths to acknowledge: it has a strong, consistent claim against standardized testing, multiple relevant reasons, and several concrete personal examples (friends, cousin, timed tests, multiple choice limits) that support the argument. The feedback does acknowledge these strengths in a specific way. It states that the essay 'presents a clear point of view against standardized testing' and that the student 'provide[s] several personal examples and observations to support your claim.' It also quotes a specific line from the student’s writing about friends who are smart in other ways but struggle with tests, treating that as evidence worth building on. Although much of the feedback focuses on revision needs, it does identify meaningful strengths tied to the actual draft. This is more than generic praise because it names the clear stance and the use of personal examples as valuable features of the student's response. The framing is somewhat process-oriented because it connects those strengths to revision directions (organize the argument, group examples, add evidence), though the process framing is not especially rich."
9th grade,ELA,Argumentative,Should students be required to wear school uniforms?,Developing,d1.4,"argues against uniforms, focuses on enforcement/practicality problems","Act as a 9th grade student and write an DEVELOPING ELA argumentative essay (400-600 words) who puts in a reasonable but not exceptional effort on the topic: {Should students be required to wear school uniforms?} taking the position: {argues against uniforms, focuses on enforcement/practicality problems}. State your opinion but keep it somewhat general. Give 2-3 reasons; explain some of them but leave others just stated without much backup. Mention that some people might disagree, but only in passing don't really engage with why. Connect ideas but not using varied transitions. Include a few small grammar or spelling slips that don't get in the way of understanding.","I don't think schools should require uniforms because they cause a lot of practical problems that people don't always think about. It sounds like a simple solution, but actually making it work is more complicated then it seems.

One reason is that uniforms are hard to enforce fairly. Teachers already have a lot to deal with during the school day, and now they would also have to check what everyone is wearing and deal with kids who forget or don't have the right pieces. This could take away time from actual teaching and turn into a bigger problem than it needs to be. Some students could end up missing class time just because of a dress code issue, which doesn't seem fair.

Another reason is that uniforms actually cost money too, even though people say they save families money. Uniform pieces from specific stores can be expensive, and kids grow fast, so families would have to keep buying new uniforms throughout the year. This could end up costing just as much, or more, than buying regular clothes, especially for families with more than one kid in school.

A third reason is that uniforms don't really solve the problems people think they solve. Even with uniforms, kids will still find ways to compare shoes, backpacks, or accessories, so bullying probably wouldn't completely go away just because everyone's shirt looks the same. It just moves the comparison to different things instead of actually fixing it.

Some people think uniforms make schools calmer and more focused, and I get why they think that, but I don't think it solves the real problem, it just covers it up for a little while. The actual issues that cause distraction or bullying would probably still be there, just in a different form.

Overall, I think requiring uniforms creates more problems than it solves. Between the cost, the enforcement issues, and the fact that it might not even fix bullying, I don't think uniforms are worth all the extra hassle for schools, teachers, and families. There are probably better ways to solve these problems without making everyone wear the same thing every single day. Schools could focus on other solutions instead, like handling bullying directly rather than just changing what students wear and hoping that fixes everything on its own. It might take more work, but it would probably actually solve the problem instead of just hiding it behind a uniform policy.",405,7/28/2026,"strong, B",7/29/2026,"Feedback
9

/

10

2 Things to Improve
To make your argument even more convincing, try replacing general reasoning with specific data or quotes. For example, instead of saying uniforms are expensive, you could write: 'According to a 2023 retail study, the average family spends over $150 per child on specific uniform brands, which is a heavy burden compared to regular clothes.'
Watch out for commonly confused words when making comparisons to ensure your writing is precise. For instance, instead of writing 'more complicated then it seems,' you should use 'than' for comparisons, like this: 'It is more complicated than it seems.'
1 Question I Still Have
Research one specific statistic about school uniform costs and practice swapping out a 'then' for a 'than' in your next comparison sentence.
Rubric
1) Purpose/Organization

You have maintained a clear claim and used an effective organizational structure with a logical progression of ideas from the introduction to the conclusion. ""Overall, I think requiring uniforms creates more problems than it solves. Between the cost, the enforcement issues, and the fact that it might not even fix bullying, I don't think uniforms are worth all the extra hassle for schools, teachers, and families.""

Score

4
2) Evidence/Elaboration

You provide adequate support for your arguments by explaining specific practical issues, though your evidence relies more on general reasoning than on specific data or cited sources. ""Uniform pieces from specific stores can be expensive, and kids grow fast, so families would have to keep buying new uniforms throughout the year."" To reach the highest level, try to integrate specific facts, statistics, or quotes from external sources to back up your claims about cost and bullying.
Score

3
3) Conventions

You demonstrate a strong command of conventions with clear sentence structure and correct capitalization throughout your essay. ""It sounds like a simple solution, but actually making it work is more complicated then it seems."" To reach an even higher level of precision, be careful with commonly confused words, such as using ""than"" instead of ""then"" when making comparisons.

Score

2
",9/10,7/29/2026,1,1,1,1,1,1,"The student’s essay has several clear strengths: a focused claim, logical organization, and multiple developed reasons (enforcement, cost, and limited effect on bullying). The teacher feedback does acknowledge these strengths in a specific, grounded way. It explicitly says the student has maintained a clear claim and an effective organizational structure, and it quotes a sentence from the student’s conclusion as evidence. It also notes that the student provides adequate support by explaining specific practical issues, again tying that comment to a quoted sentence about uniform costs. Although much of the feedback also gives improvement steps, it treats parts of the student’s writing as successful and as a foundation for revision. This is more than generic praise because it identifies particular features of the student’s response and connects them to the rubric categories. Therefore, the feedback meets the criterion for acknowledging strength."
9th grade,ELA,Argumentative,Should schools ban cell phone use during the school day?,Developing,d2.3,Against — focuses on safety/emergency contact with parents,"Act as a 9th grade student and write an DEVELOPING ELA argumentative essay (400-600 words) who puts in a reasonable but not exceptional effort on the topic: {Should schools ban cell phone use during the school day?} taking the position: {Against — focuses on safety/emergency contact with parents}. State your opinion but keep it somewhat general. Give 2-3 reasons; explain some of them but leave others just stated without much backup. Mention that some people might disagree, but only in passing don't really engage with why. Connect ideas but not using varied transitions. Include a few small grammar or spelling slips that don't get in the way of understanding. ","I don't think schools should ban cell phones during the school day, mainly because of safety. Phones let students contact their parents quickly if something goes wrong, and that matters a lot in emergencies.

One reason is that school office phones can only handle so many calls at once. If there's a real emergency, like a lockdown, the office lines are going to be busy, and parents want to know their kid is okay right away. Having a phone lets students text their families directly instead of waiting for the school to reach everyone one by one. Another reason is that plans change quickly after school, like if a practice gets cancelled or a ride falls through, and phones let students handle that themselves instead of relying on the office.

Some schools have said students can use the office phone if they need to contact home, but that's not always realistic during a busy school day, and it doesn't help if something urgent happens during class. A phone in a student's pocket is just faster and more direct.

I know some people argue that phones cause more problems than they solve, and during an actual emergency people using their phones could clog up cell networks or cause panic. That's a fair point, but I still think the benefit of being able to reach your family is worth it, especially for younger students or students with parents who work far from the school.

Overall, I think phones give students and families peace of mind, and taking that away could make emergencies scarier and more confusing than they need to be. Banning phones might solve some problems, but it creates a safety risk that isn't really worth it in my opinion.",289,7/28/2026,"Strong, A-",7/29/2026,"Feedback
9

/

10

2 Things to Improve
To make your argument even more convincing, try adding specific data or quotes from experts rather than relying only on general explanations. For example, instead of just saying office lines get busy, you could write: 'According to a 2023 school safety report, 85% of parents feel more secure when they have a direct line to their child during emergencies.'
You can strengthen your evidence by moving from general scenarios to concrete facts. Instead of saying 'parents want to know their kid is okay,' you could use a direct quote like: 'Safety expert John Doe states that ""instant communication reduces panic during school lockdowns.""' This adds authority to your claims.
1 Question I Still Have
Find one news article or study about school cell phone policies and practice integrating one direct quote and one statistic into your body paragraphs.
Rubric
1) Purpose/Organization

You have created a clear and effective organizational structure that includes a strong introduction, body paragraphs, and a thoughtful conclusion. ""Overall, I think phones give students and families peace of mind, and taking that away could make emergencies scarier and more confusing than they need to be.""

Score

4
2) Evidence/Elaboration

You provide adequate support for your claim by explaining the limitations of school office phones and acknowledging opposing arguments about network congestion. ""If there's a real emergency, like a lockdown, the office lines are going to be busy, and parents want to know their kid is okay right away."" To improve your score, try to incorporate specific facts, statistics, or direct quotes from articles to provide more thorough evidence for your claims.

Score

3
3) Conventions

You demonstrate a strong command of conventions with clear sentence structure, accurate capitalization, and correct punctuation throughout your essay. For example, you correctly use commas to set off introductory phrases as seen in, ""Overall, I think phones give students and families peace of mind, and taking that away could make emergencies scarier and more confusing than they need to be.""

Score

",9/10,7/29/2026,1,1,1,1,1,1,"The student’s response has several clear strengths: a focused claim against banning phones, logical organization, concrete reasoning about emergencies and changing plans, and an acknowledgment of a counterargument. The teacher feedback does more than give revision directions. It specifically praises the student’s organizational structure, points to the conclusion as thoughtful, notes the explanation about office phone limitations, and recognizes the student’s acknowledgment of opposing arguments. These acknowledgments are tied to exact parts of the student’s essay and frame them as effective writing moves, even while suggesting stronger evidence. Because the feedback names particular strengths in the student’s draft and treats them as meaningful foundations for revision, it meets the criterion."
9th grade,ELA,Argumentative,Should standardized testing be reduced or eliminated?,Developing,d3.3,"Against — focuses on standardized tests providing fair, objective comparison across schools","Act as a 9th grade student and write an DEVELOPING ELA argumentative essay (400-600 words) who puts in a reasonable but not exceptional effort on the topic: {Should standardized testing be reduced or eliminated?} taking the position: {Against — focuses on standardized tests providing fair, objective comparison across schools}. State your opinion but keep it somewhat general. Give 2-3 reasons; explain some of them but leave others just stated without much backup. Mention that some people might disagree, but only in passing don't really engage with why. Connect ideas but not using varied transitions. Include a few small grammar or spelling slips that don't get in the way of understanding. ","I believe standardized testing should stay in schools because it gives a fair way to compare students no matter where they go to school. Every student takes the same test with the same questions, so it isn't affected by whether a teacher grades easy or hard, which can vary a lot from classroom to classroom. One reason this matters is that colleges and states need some kind of consistent measure to compare students from different schools, since grades alone can vary a lot depending on the teacher and how strict they are with grading. Standardized tests give everyone the same starting point, which feels more equal than relying only on classroom grades that might not mean the same thing everywhere. Another reason is that these tests can help identify schools that might need extra support, since low scores across a whole school can point to a bigger problem than just one bad grade in one class. Some people argue that testing is unfair because not every student has the same resources to prepare, like tutors or test prep classes, and I understand that concern, but I still think having one common test is better than having no consistent measure at all. Without some kind of standard, it would be a lot harder to know which schools or students are struggling academically compared to others across the state or country. I also think it's important that colleges have some way to compare applicants from totally different states and backgrounds, since GPA alone doesn't always tell the full story about how prepared a student really is. Testing isn't perfect, and I don't think it should be the only thing that matters when judging a student, but reducing or getting rid of it completely could make it harder to track progress and fairness across schools that otherwise look completely different from each other on paper. Standardized tests also give students themselves a clear benchmark to understand where they stand compared to peers across the country, not just within their own classroom or school. This kind of outside comparison can be useful for identifying gaps early, so students and teachers know where extra support might be needed before it becomes a bigger problem later on, especially heading into high school or college applications where fairness really matters. In the end, I think the goal should be improving the test and how it's used, not getting rid of one of the few tools that actually treats every student the same way regardless of their background or which school they happen to attend.",427,7/28/2026,"Strong, A-",7/29/2026,"Feedback
6

/

10

2 Things to Improve
To make your essay easier to read, you should move from a single block of text into a multiple-paragraph structure. For example, you could start with an introduction that ends with your thesis, then start a new indented line for your first body paragraph about 'consistency'.
You can make your argument more powerful by adding specific data instead of just general ideas. Instead of saying 'it varies a lot,' you could write: 'According to a 2023 study, grading scales can differ by as much as 15% between neighboring districts, making standardized tests necessary for fairness.'
1 Question I Still Have
Practice breaking your next draft into at least four distinct paragraphs and try to find one specific statistic or quote from an outside source to support your main reason.
Rubric
1) Purpose/Organization

You have presented a clear claim and a logical flow of ideas, but the essay is missing the required multiple-paragraph structure for an argumentative essay. To improve, you should break your writing into an introductory paragraph with a thesis statement, separate body paragraphs for each main point, and a concluding paragraph.

Score

2
2) Evidence/Elaboration

You offer adequate support for your claim by explaining the benefits of consistency and school accountability, though you do not cite specific facts from outside sources. You can strengthen your argument by integrating specific evidence from sources, such as statistics on college admissions or data regarding school performance metrics.

Score

2
3) Conventions

Your writing shows a strong command of grammar and sentence structure, though you should be careful with long sentences that function as comma splices. For instance, you wrote, ""Every student takes the same test with the same questions, so it isn't affected by whether a teacher grades easy or hard, which can vary a lot from classroom to classroom.""

Score

2
",6/10,7/29/2026,1,1,1,1,1,1,"The student response contains several meaningful strengths: a clear position in favor of standardized testing, multiple relevant reasons (fair comparison, accountability, college admissions, benchmarks for students), and acknowledgement of a counterargument. The teacher feedback does acknowledge these strengths in a specific, grounded way. It says the student has 'presented a clear claim and a logical flow of ideas,' and notes that the student 'offer[s] adequate support for your claim by explaining the benefits of consistency and school accountability.' It also notes a 'strong command of grammar and sentence structure.' These comments are tied to actual features present in the essay and identify concrete aspects of the student’s writing as successful. The feedback also frames these strengths in terms of writing moves and development, alongside suggestions for improvement, rather than as empty praise. Therefore, the feedback meets the criterion."
9th grade,ELA,Argumentative,Should schools push back start times to later in the morning?,Developing,d4.1,For — focuses on teen sleep science and biological circadian rhythms,"Act as a 9th grade student and write an DEVELOPING ELA argumentative essay (400-600 words) who puts in a reasonable but not exceptional effort on the topic: {Should schools push back start times to later in the morning?} taking the position: {For — focuses on teen sleep science and biological circadian rhythms}. State your opinion but keep it somewhat general. Give 2-3 reasons; explain some of them but leave others just stated without much backup. Mention that some people might disagree, but only in passing don't really engage with why. Connect ideas but not using varied transitions. Include a few small grammar or spelling slips that don't get in the way of understanding. 
","I believe schools should push back their start times because it would be better for students' health and their ability to learn. Right now most high schools start around 7:30, which means a lot of us have to wake up before 6 a.m. just to get ready and catch the bus. Scientists have found that teenagers' bodies naturally produce melatonin, the hormone that makes you sleepy, later at night than younger kids or adults do. This is called a shift in circadian rhythm, and it means that even if a teenager goes to bed early, their brain might not actually be ready for sleep yet. So when we're forced to wake up so early, we're not getting enough sleep even if we try to go to bed on time.

Another reason is that tired students don't learn as well. When you're running on five or six hours of sleep, its hard to pay attention in class, remember what you studied, or even stay awake during a lecture. I've noticed this myself during first period, where half the room looks like they're about to fall asleep at their desk. Some people might say that students should just go to bed earlier to fix this problem, but that doesn't really work because of the biology part I mentioned before, our bodies aren't ready for sleep that early no matter how hard we try.

There's also research from the American Academy of Pediatrics that recommends middle and high schools start no earlier than 8:30 a.m. Many schools that have already made this change have reported improvements in attendance and grades, which shows that this isn't just a comfort issue, it actually affects how well students do in school. Also, later start times could mean fewer car accidents involving teen drivers, since drowsy driving is a real danger for people my age who are driving to school half asleep.

I understand that changing start times would affect things like bus schedules and after school activities, and that's a fair point to bring up. But I still think the benefits for students' health and grades outweigh those scheduling headaches, especially since other districts have already found ways to make it work. Overall, pushing back school start times would help students feel more rested, focus better, and probably do better in their classes. It's not a perfect solution but it addresses a real problem that a lot of us deal with every single morning.",408,7/28/2026,"Strong, A-",7/29/2026,"Feedback
8

/

10

2 Things to Improve
To make your transitions smoother, try using more sophisticated linking words. Instead of saying 'Another reason,' you could say: 'Furthermore, the biological clock of a teenager naturally shifts later, making early start times counterproductive.'
Watch out for small punctuation errors in contractions to keep your work looking professional. For example, instead of writing 'its hard to pay attention,' you should write 'it's hard to pay attention' to show the contraction of 'it is.'
1 Question I Still Have
Review your draft specifically for contractions and replace simple transition words with more advanced options like 'conversely' or 'consequently' to improve the flow.
Rubric
1) Purpose/Organization

You have a well-organized argument with a clear thesis and logical progression, though you could use more varied transitions between your paragraphs. ""I understand that changing start times would affect things like bus schedules and after school activities, and that's a fair point to bring up."" To improve, try using more sophisticated transitional phrases like ""Furthermore"" or ""Conversely"" to link your ideas instead of starting with ""Another reason"" or ""There's also.""

Score

3
2) Evidence/Elaboration

You provide solid evidence by mentioning biological factors and professional recommendations, although some of your phrasing and punctuation could be more precise. ""When you're running on five or six hours of sleep, its hard to pay attention in class, remember what you studied, or even stay awake during a lecture."" To reach a higher level, include more specific data points from your sources and ensure you use apostrophes correctly in words like ""it's.""

Score

3
3) Conventions

You demonstrate a strong command of grammar and punctuation, though you missed a couple of apostrophes in contractions. For example, you wrote ""its hard to pay attention"" instead of ""it's hard to pay attention."" Pay close attention to using apostrophes in contractions like 'it's' and 'don't' to ensure your writing remains professional and polished.

Score

2
",8/10,7/29/2026,1,1,1,1,1,1,"The student response has several clear strengths: a defensible thesis, logical organization, relevant scientific explanation, acknowledgment of a counterargument, and multiple pieces of evidence. The teacher feedback does acknowledge these strengths specifically. It says the student has a 'well-organized argument with a clear thesis and logical progression,' notes that the student provides 'solid evidence by mentioning biological factors and professional recommendations,' and states that the student demonstrates a 'strong command of grammar and punctuation' aside from a few errors. These are not generic compliments; they are tied to identifiable features in the student's actual draft, including quoted passages and named content from the essay. The feedback also frames the strengths in terms of writing moves and revision paths, such as building on organization and evidence while improving transitions and precision. Therefore, the feedback does meet the criterion of acknowledging strength."
9th grade,ELA,Argumentative,Should schools ban cell phone use during the school day?,Strong,s2.1,For — focuses on academic focus/reduced classroom distraction,"Act as a 9th grade student and write an STRONG ELA argumentative essay (400-600 words) who cared about this assignment and revised it before turning it in on the topic: {Should schools ban cell phone use during the school day?} taking the position: {For — focuses on academic focus/reduced classroom distraction}. Open by stating your opinion clearly. Give 3+ reasons with real-world examples or facts to back each one up, explaining how each connects to your point. Bring up a reason someone might disagree with you, and respond to it. Use different ways to connect your ideas. Wrap up by restating your point in a new way. Keep spelling and grammar clean. 
","Schools should ban cell phone use during the school day because phones are one of the biggest obstacles to academic focus that students face today.

The most obvious reason is that phones interrupt learning constantly, even when students aren't trying to misuse them. A 2023 Pew Research survey found that a large majority of teachers said cell phones were a major distraction in their classrooms, and many teachers report having to stop instruction repeatedly just to address phone use. Every interruption breaks the flow of a lesson, and those lost minutes add up across a whole class period, let alone an entire school year.

Beyond direct interruptions, phones also damage focus in ways students don't always notice. Studies on attention have shown that simply having a phone nearby, even face-down and silent, reduces a person's ability to concentrate, because part of their brain is still aware of it and anticipating notifications. This means that even students who aren't actively using their phones during class are still losing some of their attention to them.

Phones also make it easier to avoid difficult academic work. When a student hits a hard problem or a boring assignment, a phone offers an instant escape, which can quietly train students to give up on challenges instead of pushing through them. Over time, that habit can hurt both grades and the deeper skill of staying focused on something difficult, which matters far beyond school.

Some people argue that banning phones takes away a useful tool, since students can use them for calculators, research, or note-taking. That's a fair point, and schools could still provide school-issued devices or computers for those specific purposes, which would remove distraction apps like social media while keeping the useful academic functions available. This way, students wouldn't lose helpful tools, but they also wouldn't have constant access to distractions during instructional time.

In the end, a phone ban isn't about punishing students, it's about protecting the one thing school is actually meant to build: the ability to focus and learn. Removing phones during the school day would give students back the attention that constant notifications and easy distractions currently take from them, and that focus is worth far more than convenient access to a phone for seven hours a day.",378,7/28/2026,"Strong, A",7/29/2026,"Feedback
10

/

10

2 Things to Improve
To make your transitions even smoother, try using more varied linking words between your evidence and your analysis. For example, instead of just stating the survey results, you could say: 'Building on this data, it becomes clear that...' to bridge the gap between the research and your own conclusion.
While your sentences are clear, you can increase the impact of your call to action by using more direct, active verbs. Instead of saying 'Removing phones... would give students back attention,' try a more punchy version like: 'By banning phones, schools reclaim the focus students lose to constant notifications.'
1 Question I Still Have
Practice rewriting three sentences from your next draft to use active voice and stronger transition phrases to see how it changes the energy of your argument.
Rubric
1) Purpose/Organization

You have organized your essay exceptionally well, moving logically from the impact of interruptions to deeper psychological effects on attention. ""Every interruption breaks the flow of a lesson, and those lost minutes add up across a whole class period, let alone an entire school year.""

Score

4
2) Evidence/Elaboration

You provided strong support by citing specific research and using effective elaboration to explain the long-term habits formed by phone use. ""A 2023 Pew Research survey found that a large majority of teachers said cell phones were a major distraction in their classrooms, and many teachers report having to stop instruction repeatedly just to address phone use.""

Score

4
3) Conventions

You demonstrate an excellent command of language with clear sentence structure and precise grammar throughout your essay. For example, you correctly use complex sentence forms like, ""Removing phones during the school day would give students back the attention that constant notifications and easy distractions currently take from them, and that focus is worth far more than convenient access to a phone for seven hours a day.""

Score

2
",10/10,7/29/2026,1,1,1,1,1,1,"The student response has several clear strengths: a strong claim, logical organization, relevant evidence from research, thoughtful explanation of how phones affect attention, and a fair counterargument with a solution. The teacher feedback explicitly identifies multiple specific strengths in the student’s actual essay. It praises the organization as 'exceptionally well,' names the progression from interruptions to psychological effects, highlights the use of specific research and effective elaboration, and notes clear sentence structure and precise grammar. These acknowledgments are specific, anchored in direct quotations from the student text, and framed around writing choices and strategies the student used well. Although the feedback also includes revision suggestions, it clearly meets the criterion because it recognizes useful, well-done features of the student’s work in a concrete way."
9th grade,ELA,Argumentative,Should standardized testing be reduced or eliminated?,Strong,s3.4,Against — focuses on tests holding schools accountable for teaching quality,"Act as a 9th grade student and write an STRONG ELA argumentative essay (400-600 words) who cared about this assignment and revised it before turning it in on the topic: {Should standardized testing be reduced or eliminated?} taking the position: {Against — focuses on tests holding schools accountable for teaching quality}. Open by stating your opinion clearly. Give 3+ reasons with real-world examples or facts to back each one up, explaining how each connects to your point. Bring up a reason someone might disagree with you, and respond to it. Use different ways to connect your ideas. Wrap up by restating your point in a new way. Keep spelling and grammar clean. 
","Standardized testing should be kept in place because it holds schools accountable for the quality of education they provide. Without a consistent way to measure student learning, it becomes far too easy for struggling schools to go unnoticed until the problem has already caused lasting harm to an entire generation of students.

Accountability starts with data, and standardized tests provide the most consistent data schools currently have. When scores are tracked year after year, patterns emerge that reveal whether a school's teaching methods are actually working for students. A school with steadily declining scores is a signal that something needs to change, whether that's curriculum, staffing, or additional support for struggling students. Without this kind of tracking, problems could go unaddressed for years, allowing entire classes of students to fall behind before anyone realizes there's a serious issue that needs fixing.

Test data also plays a critical role in directing resources where they're needed most. Schools with lower scores are often eligible for additional funding, tutoring programs, or state support specifically because test results flagged them as needing help before things got worse. This system, while imperfect, ensures that struggling schools don't simply get overlooked in favor of schools that are already succeeding and don't need as much extra attention. Parents also rely on this information to make informed decisions about where to send their children, especially in areas where school quality varies significantly from one neighborhood to the next, sometimes just a few miles apart.

Opponents of standardized testing often point out that it can lead to ""teaching to the test,"" where instruction narrows to focus only on what will be tested rather than broader, more meaningful learning. This is a valid criticism, and it's worth addressing through smarter test design, more balanced curriculums, or reduced testing frequency. However, removing accountability measures entirely isn't the solution, since it would eliminate one of the few tools available for catching underperforming schools early, before students graduate without the skills they were supposed to learn. The problem lies in how testing is used, not in the existence of testing itself.

Ultimately, standardized testing serves an important purpose beyond measuring individual students: it holds the education system itself accountable to the families and communities it's supposed to serve. Without it, there would be little reliable way to ensure that every school, regardless of location or funding, is actually doing right by its students.",400,7/28/2026,"Strong, A",7/29/2026,"Feedback
9

/

10

2 Things to Improve
While your ideas are clear, your argument would be more persuasive if you used specific data instead of general descriptions. For example, instead of saying schools get 'additional funding,' you could write: 'According to the Department of Education, Title I schools receiving these scores saw a 15% increase in federal tutoring grants.'
To make your evidence more authoritative, try to integrate direct quotes from experts. Instead of just explaining that test results flag schools for help, you could structure it like this: 'As researcher Dr. Smith notes, ""Standardized data acts as a diagnostic tool,"" allowing states to provide support before a school's performance drops further.'
1 Question I Still Have
For your next draft, find two specific statistics or expert quotes from your research sources to replace general statements in your body paragraphs.
Rubric
1) Purpose/Organization

You have written a very well-organized essay with a clear claim, logical transitions, and an effective acknowledgement of the opposing viewpoint. ""Opponents of standardized testing often point out that it can lead to \""teaching to the test,\"" where instruction narrows to focus only on what will be tested rather than broader, more meaningful learning.""

Score

4
2) Evidence/Elaboration

Your essay provides adequate support for your claim and expresses your ideas clearly, though incorporating more specific facts or statistics from sources would make your argument even more convincing. ""Schools with lower scores are often eligible for additional funding, tutoring programs, or state support specifically because test results flagged them as needing help before things got worse."" To improve, try to integrate specific data or direct quotes from educational research to provide more thorough evidence for your arguments.

Score

3
3) Conventions

You demonstrate a strong command of conventions, including proper capitalization and a clear sentence structure that makes your argument easy to follow. For example, you correctly used commas and quotation marks in the sentence: ""Opponents of standardized testing often point out that it can lead to \""teaching to the test,\"" where instruction narrows to focus only on what will be tested rather than broader, more meaningful learning.""

Score

2
",9/10,7/29/2026,1,1,1,1,1,1,"The student’s response has several clear strengths: a focused claim about accountability, strong organization across multiple paragraphs, logical development of reasons, and an effective concession/counterargument about teaching to the test. The teacher feedback does acknowledge these strengths in a specific, grounded way. It says the student’s ideas are clear, describes the essay as very well-organized, notes the clear claim and logical transitions, and specifically highlights the acknowledgment of the opposing viewpoint by quoting the student’s sentence. In the evidence section, it also recognizes that the essay provides adequate support and expresses ideas clearly, while then suggesting a next step of adding more specific facts and quotes. This is not just generic praise; it is tied to concrete features actually present in the student’s writing and frames them as writing moves the student used effectively. Therefore, the feedback meets the criterion for acknowledging strength."
9th grade,ELA,Argumentative,Should students be allowed to use AI tools (like ChatGPT) for homework?,Strong,s5.1,"For — focuses on AI as a legitimate learning aid, similar to calculators or spell-check","Act as a 9th grade student and write an STRONG ELA argumentative essay (400-600 words) who cared about this assignment and revised it before turning it in on the topic: {Should students be allowed to use AI tools (like ChatGPT) for homework?} taking the position: {For — focuses on AI as a legitimate learning aid, similar to calculators or spell-check}. Open by stating your opinion clearly. Give 3+ reasons with real-world examples or facts to back each one up, explaining how each connects to your point. Bring up a reason someone might disagree with you, and respond to it. Use different ways to connect your ideas. Wrap up by restating your point in a new way. Keep spelling and grammar clean. 
","Students should be allowed to use AI tools like ChatGPT for homework because, when used responsibly, they function as a legitimate learning aid rather than a shortcut around learning.

The first reason is that AI can clarify confusing material in a way that supports understanding rather than replacing it. For instance, a student struggling with a difficult geometry proof can ask an AI tool to explain the reasoning behind a step, similar to how a calculator shows the result of a calculation without eliminating the need to understand the underlying math. In both cases, the tool supports comprehension instead of substituting for it.

The second reason is that AI can provide equitable access to academic help. Not every student has a parent, sibling, or tutor available to answer questions after school. A 2023 Pew Research survey found that many students already use AI tools for schoolwork, often because they need support outside of class hours. AI can fill that gap for students who would otherwise be stuck without help.

The third reason is precedent: schools have adapted to new technology before without abandoning academic standards. Calculators, spell-check, and grammar-checking software were all controversial when first introduced, yet today they are considered normal parts of a student's toolkit. AI is simply the next step in that same pattern, and treating it differently ignores how education has evolved with technology in the past.

Some people argue that AI does the thinking for students instead of the student doing it themselves. This concern makes sense in cases where AI is misused, but the solution is teaching responsible use, not banning the tool altogether. A calculator can also be misused to skip learning basic arithmetic, yet schools still allow it because the benefits of proper use outweigh the risks of misuse.

In conclusion, AI tools deserve a place in the classroom the same way calculators and spell-check already do. When used to support understanding rather than replace effort, AI can strengthen learning instead of undermining it, which is exactly what a good academic tool is supposed to do.",358,7/28/2026,"Strong, A-",7/29/2026,"Feedback
9

/

10

2 Things to Improve
To make your evidence even more persuasive, try including a direct quote from your source instead of just summarizing it. For example, instead of saying a survey found students need support, you could write: 'According to the Pew Research Center, 20% of students reported that AI helps them ""understand difficult topics when a teacher isn't available.""'
You can strengthen your elaboration by adding a specific 'real-world' detail to your examples. For instance, after mentioning after-school support, you could add: 'For a student whose parents work late shifts, an AI tutor acts as a 24/7 guide that can explain a math problem step-by-step.'
1 Question I Still Have
Practice finding one specific quote for every piece of data you use to give your future essays more authority and depth.
Rubric
1) Purpose/Organization

You have written a well-organized essay with a clear thesis, logical transitions between points, and a strong conclusion that ties everything together. ""In conclusion, AI tools deserve a place in the classroom the same way calculators and spell-check already do.""

Score

4
2) Evidence/Elaboration

You provide solid support by comparing AI to calculators and citing a survey to show how it helps students who lack after-school support. ""A 2023 Pew Research survey found that many students already use AI tools for schoolwork, often because they need support outside of class hours."" To reach the highest score, try adding more specific details or direct quotes from your sources to further elaborate on your evidence.

Score

3
3) Conventions

You demonstrate an excellent command of language conventions, featuring varied sentence structures and virtually no errors in grammar or punctuation. For example, you correctly use complex punctuation in the sentence: ""Calculators, spell-check, and grammar-checking software were all controversial when first introduced, yet today they are considered normal parts of a student's toolkit.""

Score

2
",9/10,7/29/2026,1,1,1,1,1,1,"The student response contains multiple meaningful strengths: a clear thesis, organized reasons, relevant analogies to calculators and spell-check, use of a survey as evidence, and a counterargument with rebuttal. The teacher feedback does acknowledge these strengths specifically. It names the essay as ""well-organized,"" points to the ""clear thesis,"" ""logical transitions,"" and ""strong conclusion,"" and it also highlights the student's comparison of AI to calculators and the use of the Pew survey as solid support. These acknowledgments are tied directly to the student's actual writing, including quoted lines from the essay. The feedback then builds from those strengths by suggesting more direct quotes and more specific real-world details, which keeps the praise connected to a revision path. Because the acknowledgment is specific, evidence-based, and framed around the student's writing choices, the criterion is met."
9th grade,ELA,Argumentative,Should schools push back start times to later in the morning?,Strong,s4.2,For — focuses on improved academic performance and attendance with more sleep,"Act as a 9th grade student and write an STRONG ELA argumentative essay (400-600 words) who cared about this assignment and revised it before turning it in on the topic: {Should schools push back start times to later in the morning?} taking the position: {For — focuses on improved academic performance and attendance with more sleep}. Open by stating your opinion clearly. Give 3+ reasons with real-world examples or facts to back each one up, explaining how each connects to your point. Bring up a reason someone might disagree with you, and respond to it. Use different ways to connect your ideas. Wrap up by restating your point in a new way. Keep spelling and grammar clean. 
","Schools should push back their start times because doing so directly improves how well students perform academically and how consistently they show up to class. When the goal of school is for students to actually learn, the schedule should be designed to support that goal instead of working against it.

One of the clearest reasons for this change is attendance. Teachers regularly report that first-period classes have noticeably higher rates of tardiness and absences than later periods, and that pattern isn't a coincidence, it reflects the fact that students are physically struggling to be present and alert that early in the morning. When a district like Seattle Public Schools pushed its high school start time back by roughly an hour, researchers tracking the change found measurable increases in both attendance and median grades, along with a meaningful drop in tardiness. These weren't small, feel-good improvements; they were statistically significant results that show a direct link between start time and student performance.

Academic performance follows a similar pattern. Studies comparing test scores across different class periods have found that students consistently perform worse on assessments taken during early morning periods compared to the exact same material tested later in the day. This suggests that the issue isn't the difficulty of the material or students' effort, but rather the fact that a tired brain simply cannot process and recall information as effectively as a rested one. If schools are serious about closing achievement gaps and raising overall performance, addressing something as fixable as start time seems like a logical place to start.

Critics of this change often argue that pushing back start times would simply shift the problem later in the day, cutting into time for extracurriculars or after-school jobs. This is a legitimate concern, and it deserves a real answer rather than being dismissed. However, several districts that made this shift successfully adjusted practice schedules and found that the academic gains outweighed the scheduling friction, especially once coaches and employers adapted. In other words, the logistical challenges are real, but they are solvable, whereas the biological reality of teenage sleep needs isn't something a schedule can simply override.

In the end, if attendance and academic performance are genuine priorities for schools, then start times need to reflect what actually helps students succeed rather than what has simply always been convenient for the adults running the system. The evidence from real districts that made this change speaks for itself: better attendance, stronger grades, and fewer disruptions to learning. Pushing back the bell isn't a radical idea; it's a data-backed adjustment that puts student performance first.",433,7/28/2026,"Strong, A",7/29/2026,Great Job!,10/10,7/29/2026,0,0,0,0,0,0,"The student response has several meaningful strengths to acknowledge: a clear claim, organized reasoning, use of evidence from Seattle Public Schools, attention to counterarguments, and a strong concluding position. However, the teacher feedback is only “Great Job!” This is generic praise and does not identify any specific strength in the student’s writing or any particular idea worth developing. Because it is not tied to the student’s actual response, it does not count as acknowledging a strength under this criterion."
